<?xml version="1.0" encoding="UTF-8" standalone="yes"?>
<addon id="plugin.video.GenieTv" name="[COLORgreen]GenieTv[/COLOR]" version="1.0.10" provider-name="JayBox">
  <requires>
    <import addon="xbmc.python" version="2.1.0"/>
	<import addon="script.module.urlresolver"  version="2.1.2"/>
	<import addon="script.module.addon.common" />
  </requires>
  <extension point="xbmc.python.pluginsource" library="default.py">
        <provides>video executable</provides>
  </extension>
  <extension point="xbmc.addon.metadata">
    <summary lang="en">GenieTv Kodi's largest support tool. [CR]  Brought to you by the Architects@Work</summary>
    <description lang="en">GenieTv provides an easy way to setup, maintain and create using your Kodi media center</description>
    <platform>all</platform>
  </extension>
</addon>
